0.5546077036772766,0.006207610393071772,0.6197155258748536,0.01671235597491206,-0.006613583990427011,-0.00570283147688539,-1.5960570926740836,0.015804033316314227,1.5967693515981676,-0.7652116545838237,-1.563133090275121,-0.01282458395736552,-3.1358669749009573,86.2245831586435,16.365248266572376,69.41905625826811,-51.705778977990235,12.0,12.0,12.0
0.5533974255975331,0.025169891211757115,0.6068079793660636,0.04348235674985251,-0.014158537309321458,-0.00310134014960701,-1.6383530994397497,0.055104207961416775,1.6230480345241434,-0.7131141606655087,-1.5394651701275324,-0.04974319102793845,3.139863656899389,59.10972842571527,17.739554562577656,67.19792738852186,-3.63049608924716,12.0,-12.0,12.0
0.5492698846069569,0.05483663549869407,0.5895947669172857,0.07506565162511056,-0.014665370368428148,0.010463296177053123,-1.6771832868069327,0.11393876234130663,1.6235336611985929,-0.6342041317725969,-1.499385128905351,-0.10008354037192402,3.0928295944077444,60.625836772002536,11.207341690735426,55.89321949705949,-1.3277591078895767,12.0,-8.247332995542001,12.0
0.5425338132251076,0.093840317198607,0.5696566685536737,0.11303241507042555,-0.00867047016616807,0.031751706896775395,-1.7149195606804926,0.1910625775053092,1.6211303837655402,-0.5328764264525699,-1.4420615493051332,-0.15506280639437264,3.018683550310811,52.01537541069296,2.9952219214924867,54.36750564594713,1.5677803736830924,12.0,2.1654584691533545,12.0
0.5324381283537352,0.14047234881842785,0.5482266970543923,0.1550738320194238,0.00392265312756954,0.061148576989865346,-1.7508180637985515,0.28444624878194974,1.6203263811500621,-0.44413295655149193,-1.3910616919889505,-0.2101822442896586,2.9253948952110402,47.865016579526454,-5.695712236926063,46.572468765524675,5.2777616192345675,12.0,-3.422201534474312,-7.531111115888521
0.5170198006677191,0.1927146236096437,0.526074851910063,0.20098733082341905,0.02283109491974194,0.09703706799589763,-1.784065822391292,0.39255824080171875,1.619060931268212,-0.3704040190946364,-1.3550852638780961,-0.2633593202222393,2.811843510511496,41.632997107879845,-15.253316386224803,42.031158203277094,6.716810179913189,12.0,-1.1175445683286682,4.611590069696355
0.4951918505202941,0.24847391396944443,0.5040592051269448,0.24984558458450212,0.04725952381352869,0.13862098881895285,-1.8149643542950504,0.5141963280483112,1.618299299476703,-0.30847400147949283,-1.3193984805215968,-0.3103937895155626,2.6782053961405836,36.35715041368833,-24.259510489437417,35.364763145473304,7.830777001938724,12.0,-2.9157188861448304,-3.8623527850342967
0.4662724684564054,0.30485170011054785,0.48268480346803017,0.3011769203747483,0.07632229497463514,0.18458604755020702,-1.8433942681582476,0.640055966594853,1.6170545583077176,-0.2570206856614929,-1.2881215149111596,-0.34497354709180184,2.530134540273674,30.329237819533244,-32.63990043066322,29.806777301582226,8.340290769744747,5.963445185616862,-2.484774184056832,2.443924168795416
0.43070259790544074,0.3582093437232565,0.46154936747682496,0.35426864601400715,0.10900059050288408,0.23378568830321714,-1.8690492698066445,0.7484295080966661,1.6152053704529359,-0.2139991053888614,-1.2688212961606233,-0.35285463118136895,2.3853081325372005,24.961454208263113,-40.09156295539611,23.980314715919214,8.335167587028053,-5.522197922924462,-2.673131668563282,-1.7987299795317462
0.38901336849194257,0.40637137426755265,0.4402956244500723,0.4087153664646379,0.1439658930219591,0.28478966283233503,-1.89293590833325,0.8371165104435913,1.613381110058108,-0.17803545932304993,-1.2714248581042267,-0.3377960950215244,2.25634200861238,19.84468442157771,-46.7748838766785,19.44230048740374,8.088292000199964,-0.4164611009900412,-2.021148383372604,1.4812506220059625
0.3417437718945395,0.4485038527978183,0.41943397443715674,0.4638533436518415,0.17998814164072113,0.3366074109531232,-1.9160292277380635,0.9113481542728114,1.611344439003787,-0.14787056510477328,-1.290764304249844,-0.30837215179226507,2.1405456520608013,13.776461388297854,-51.78089643439613,14.422989451117484,8.781915299718708,-2.4906544239804163,-2.4242381265998247,-0.9365511172340568
0.29001671685492947,0.4835167452357105,0.3993291895881764,0.5190997843781069,0.21602699135705408,0.38827106100210934,-1.9387707522343358,0.9725837812091008,1.6089858531821015,-0.12264467370708373,-1.3270684034063296,-0.2706441914383799,2.0388821572731732,7.4522822826611375,-55.45878697139644,9.502303528637107,9.742733730621596,-1.2147372095368567,-1.6263472630235434,0.8173310156645233
0.2352680174256478,0.5109117527030095,0.38050323955116744,0.573921447395701,0.2511522671034191,0.43891866709934607,-1.9614442023574585,1.0233405763667103,1.606451354597295,-0.10145722562376651,-1.3758023326060493,-0.22845794129315045,1.949166545812167,0.7908241752168905,-57.52990172861454,4.699145917406739,11.082225702121637,-1.46556689120413,-1.4597679578523852,-0.49091609119185975
0.1791061746478788,0.5304971007569179,0.3633486544563895,0.627748211661195,0.28458648889418464,0.48784146348678464,-1.9840760058090885,1.0651847205949334,1.6037339402886612,-0.08371235737827765,-1.4345090835795815,-0.1855825448510784,1.870146519465705,-5.818565024859755,-58.26156177258909,0.1881624105863473,12.646533466968522,-0.9098124289497562,-0.8198069727885038,0.4090255985667124
0.1231745081256346,0.5425726714607751,0.3481749657057721,0.6800496399981808,0.31568066987325316,0.5344305965616933,-2.0065610579774433,1.0997002168352068,1.6009519841289346,-0.06879804119974384,-1.4996388770730436,-0.1437654214110229,1.800319620500497,-12.13563126868592,-57.79049445022505,-3.9648242753090432,14.398605137067022,-0.7440367959884249,-0.43673013251301795,-0.2933711785369635
0.0689942839535816,0.5477943550404112,0.3351441219875043,0.7303007620166254,0.3439337615557276,0.5782014946941376,-2.028664139576453,1.12809011591649,1.598156418082663,-0.05628544512300176,-1.5686175617586582,-0.10489661203475342,1.7387126381744686,-17.91531349182985,-56.361408673903235,-7.613830526273482,16.285489177846735,-0.3576523234407176,0.08504143820765186,0.16341719492592333
0.017860220085941472,0.5471421706112729,0.32429963795201094,0.7779949023216407,0.3689696059699928,0.6187871176873913,-2.0501033061703464,1.151459576139983,1.5954095353952606,-0.04578043975098894,-1.6387891553477623,-0.06963570534558938,1.684523462372798,-22.958673289828912,-54.28683733787761,-10.723601617820513,18.171690878603304,-0.07383105437845394,0.45363338974776024,-0.23098235005789647
-0.029228696191832673,0.5417824419464636,0.31557180564257997,0.8226655119985385,0.3905409032998665,0.6559141906962548,-2.0705630302680924,1.170691639858503,1.5927493904155479,-0.03698101761314287,-1.7080262832962005,-0.038710921946872645,1.6372223810676751,-27.13667941907882,-51.731984070611986,-13.249727310620203,20.069842820600314,0.2384168058211671,0.8481314444458561,0.005432457077444219
-0.07158926204372712,0.5329855520675782,0.3088114351798371,0.8639071368486,0.4085332655602913,0.6893898069739343,-2.089706363455678,1.1865286048356065,1.5902260211724153,-0.029601212061812193,-1.7744022330170253,-0.012141630925484037,1.5964385426839667,-30.37951069367773,-48.90708317109108,-15.194528730210132,21.883212945168314,0.5004218974089483,1.140737590902421,-0.20875468943952136
-0.10884607614780867,0.522011363004771,0.30381955101679664,0.9013757029323157,0.4229515877116172,0.71909960539454,-2.1072072138661455,1.199592665871474,1.5878697962749144,-0.023429333477508196,-1.8363542392239594,0.009986848460504572,1.5618625572483715,-32.70271273848049,-45.97397773597672,-16.561457087953595,23.535328223973714,0.7599440082139122,1.3949542716978276,-0.09357691433352544
-0.1408902314652935,0.5100329746135781,0.3003758269972995,0.9347981573833355,0.4339044043507391,0.7449971712285198,-2.1227727975315016,1.210405563503863,1.585706911119008,-0.018269635178757612,-1.8925940944202528,0.027952506073556815,1.5331952634983261,-34.14976023548178,-43.0635731241052,-17.40914330708477,24.954309782143685,0.9691039691461052,1.5682238556180823,-0.20899669669109588
-0.1678213974837376,0.498072674747047,0.29825923314926744,0.9639793684462066,0.4415862620410504,0.7670925386289031,-2.1361604923184054,1.2194003141255048,1.5837542539737859,-0.013971857429060418,-1.9421500076278209,0.0419730380052219,1.5101122460615817,-34.81765176716955,-40.26621501249232,-17.787970503044264,26.08317589583221,1.1539156262671098,1.690735217092164,-0.15173820168026886
-0.18988507972936902,0.4869701826433213,0.29726450984293573,0.9888036871556117,0.4462594849132922,0.7854450944706589,-2.147189686885324,1.2269363418544645,1.5820244209368497,-0.010399804591712922,-1.9843328388736399,0.052422583982721704,1.4922427810350583,-34.80984887770937,-37.64702119474552,-17.77265544650393,26.87966719473998,1.289825948075543,1.7484745432007491,-0.2115383393916832
-0.2074123307364776,0.47736681873837644,0.2972100755316604,1.00923481549897,0.44823545324952585,0.8001551096415385,-2.155748740911237,1.2333082453474233,1.5805247223696586,-0.0074455602133190555,-2.0187291475995854,0.0596104313420307,1.4791680708676367,-34.24345325254425,-35.2455472798532,-17.42744770023779,27.321930759355816,1.3914793374059067,1.7604970055374354,-0.17998222586546442
-0.2207699200629232,0.4697102143961235,0.29794166099415814,1.0253117175685578,0.44785677483842395,0.8113576301736312,-2.161797619609675,1.2387563680076727,1.5792594053617712,-0.005012408698289466,-2.045172401373355,0.0638977854285554,1.4704260526806867,-33.22527603988058,-33.085076406555544,-16.819515742026745,27.406259330628302,1.4484848865023303,1.7248506108505548,-0.2071774586173647
-0.23032252060413622,0.4642678828867928,0.2993306087140297,1.0371425936693368,0.44548079628192605,0.8192162356788538,-2.1653666304495536,1.2434738718476244,1.578229435296539,-0.003021581689612908,-2.063714194515857,0.0655904947654935,1.46552584242157,-31.854543448900092,-31.17443003945304,-16.00228542617486,27.148153274395042,1.4709438098200627,1.6549755194094922,-0.18562423233364989
-0.23640888827476514,0.4611495539431573,0.3012701479957828,1.0448966066911831,0.4414652814481414,0.8239180090745484,-2.166551798497158,1.2476145002162062,1.5774334189637247,-0.0014029514098027889,-2.0745911457789927,0.0650076364852441,1.4639622669631518,-30.21334397198467,-29.51308460750424,-15.022838755979851,26.57817943545711,1.456690855600303,1.5534124674666216,-0.19328899318207182
-0.2393298192273095,0.46033140411478163,0.30366978431257285,1.0487946098263656,0.43615655188086855,0.8256687135369536,-2.165507529100284,1.2512984336639907,1.5768674417530633,-9.817406936032079e-05,-2.0781894495605155,0.06243326782840897,1.4652325006800806,-28.370036844380614,-28.092818328431033,-13.915282877769705,25.739861635936986,1.4140951083538331,1.4296716140717303,-0.17492270924357056
-0.23934637226716382,0.4616819245920183,0.30644987443499505,1.0490992002590256,0.42988037269697627,0.8246886866148349,-2.162437197728682,1.2546182577452114,1.576525392319849,0.0009443910489622831,-2.0750113267726475,0.05815702319076199,1.4688494864777109,-26.37736969995644,-26.900569346968584,-12.706450583232858,24.68486937432494,1.3453262845151643,1.2872020649515061,-0.1711937344763126
-0.23668496336166167,0.46498630440009975,0.30953656007093183,1.0461048952652425,0.4229355224752166,0.8212090423094136,-2.157582405548485,1.2576437668394553,1.576398844397127,0.001768269152540465,-2.0656422157277676,0.05245181216159622,1.474353814341766,-24.276651974338183,-25.91972235955904,-11.414372856633946,23.469776710714196,1.2576827883749861,1.1324656720924935,-0.15385089184459866
-0.23154693691638797,0.469969676123103,0.31285804595636085,1.040128763302484,0.415589878415498,0.815468388451103,-2.1512115687244844,1.260426559758103,1.5764772203241284,0.0024116795572603736,-2.050722252522557,0.04559507837113719,1.4813217489136734,-22.09907428988125,-25.131836099500912,-10.052910814382106,22.151852874963872,1.1550321016268847,0.9684547973441143,-0.14421475563310038
-0.22411976862581032,0.47631808204319337,0.3163421023552737,1.0315019305142665,0.4080786496073485,0.8077098481484395,-2.1436085176176,1.263003811464753,1.5767478066386462,0.0029069677629670254,-2.0309210871746983,0.03785566971925647,1.4893707921602384,-19.86949228236677,-24.517596947954488,-8.632176790617201,20.78624828263956,1.043433528583673,0.7994354190010245,-0.12791546085408462
-0.21458807513837846,0.48369760575720994,0.3199150376638798,1.0205620798359123,0.4006043443044696,0.7981784686431815,-2.1350616655559174,1.26540167532399,1.5771959699149523,0.0032822136521546675,-2.006917492336311,0.029502037652343382,1.498162135904134,-17.608269721350815,-24.05785058718502,-7.161727141767326,19.4231743571142,0.9267741240663196,0.6277321813997734,-0.11616912185989503
-0.20314279475351588,0.4917711813847171,0.3235017959214683,1.0076470518905352,0.3933380009883576,0.7871188837990045,-2.1258542318942864,1.267638036186223,1.577805344729509,0.003561087862071352,-1.9793830911005,0.020792125592547395,1.5074011124589313,-15.333779431431754,-23.73419482496802,-5.651080334224648,18.106290438367736,0.8095975214794762,0.4562295756511554,-0.10168137222446111
-0.18998774009385283,0.5002132689733926,0.32702704736145416,0.9930894924996465,0.38642125239811076,0.7747732386536482,-2.116255857671368,1.2697248540878907,1.5785581524732237,0.0037638313346536985,-1.9489701546278684,0.011974327264809403,1.5168357225458051,-13.063467215813365,-23.529510262330074,-4.111302198466655,16.871455603897438,0.6949170698911746,0.2867612650713143,-0.09034005936942299
-0.17534328398650906,0.5087218757385321,0.33041694699506463,0.9772039653282801,0.37997053662426344,0.76138969026733,-2.1065167842602306,1.2716665850491875,1.5794408727808584,0.003908505532462539,-1.9163029116026153,0.003279423255128977,1.5262559607842117,-10.822557697282937,-23.426274840447164,-2.546226283751043,15.746213132019596,0.5833164184817945,0.12431755273066103,-0.07771208764078172
-0.15944619335703775,0.5170287226975521,0.3336011356149567,0.9603140097456458,0.3740738485821208,0.7471830894359073,-2.0968591043507527,1.2734746624898574,1.580422291408106,0.00400675795380756,-1.8819725433650742,-0.0050816302684419945,1.5354821617344208,-8.596618409412363,-23.417452870375158,-1.0070203425675484,14.751123758233325,0.48729546274045865,-0.043905812021932444,-0.07018525298821544
-0.14254776945613637,0.5249062434066069,0.33651426552152663,0.9427135489122976,0.36880004826928664,0.7323780810669024,-2.087478296044775,1.27515128433165,1.581489051407607,0.0040717206226806605,-1.8465295523340344,-0.012921143300373528,1.5443737211415443,-6.4572014955768555,-23.48197626787674,0.553981049223875,13.896288247436305,0.38866588692427617,-0.18605464290273854,-0.05898074203935868
-0.12491033295383272,0.5321710421301944,0.33909893915243705,0.9246725808296663,0.3641998748333739,0.7171965399023514,-2.078539583368705,1.2766969454427797,1.5826222932892584,0.0041127507815157715,-1.8104866758901583,-0.02007897532239089,1.552821420519603,-4.376160418647149,-23.61585627623395,2.065556077140327,13.189657250379344,0.307833991934953,-0.3381281073633242,-0.053889014490797416
-0.10680073389244897,0.538686514640491,0.34130717649636133,0.9064499196452572,0.3603056163284488,0.7018396385104011,-2.070176152978465,1.2781158556298742,1.5838003169877948,0.004137494675595824,-1.774317453972545,-0.026424652028025797,1.5607333102433891,-2.392988769126731,-23.80787530502395,3.5406685001364853,12.629300765111978,0.23324950980480252,-0.46826346461791224,-0.04658161954505327
-0.08848434526391843,0.5443624916201889,0.34310079161705415,0.8882810313415368,0.3571348990346174,0.6864999386587548,-2.062491193550394,1.2794100674020508,1.58500594310501,0.004152080670560107,-1.73845123454879,-0.031855724070218194,1.5680467132468565,-0.5147474386037931,-24.052127473239977,4.952434853656699,12.211348574679544,0.16998552855075688,-0.5953921070839292,-0.043345984896450696
-0.0702188117128395,0.5491520546165939,0.3444531039220034,0.8703810514926804,0.35469168450800553,0.671355359547772,-2.0555590525756617,1.2805828870537097,1.5862206303944952,0.004161233546737049,-1.7032790900237365,-0.036300833157974166,1.5747138388363693,1.240762529447263,-24.342520337456513,6.292463914006781,11.927084565523675,0.11604188828622386,-0.7075643945084367,-0.039380774578226724
-0.05224807808632722,0.5530478093550785,0.34534874123612175,0.8529429342113677,0.3529679924109771,0.6565701564254868,-2.0494277108965564,1.2816376155311475,1.5874284615245853,0.004168634772078704,-1.669150140328365,-0.03971623180586792,1.580705112019789,2.8634378267798786,-24.67462218324125,7.545578431340282,11.765945083791234,0.07128684263498208,-0.8106004374755318,-0.03806790626885788
-0.034797394339791995,0.5560761840536377,0.34578384083914576,0.836138045955936,0.35194509362268434,0.6422930820071172,-2.0441213902519335,1.282578054545132,1.5886142405696984,0.004176986735670956,-1.6363748794530908,-0.04208632248623734,1.5860035554755996,4.342365183161748,-25.044425065822242,8.702781595200149,11.715235112247344,0.03513901396684438,-0.9007988397150943,-0.036721324645621445
-0.018069280215232283,0.5582914643457103,0.34576546156162713,0.8201159649412071,0.35159476275914303,0.6286572223274153,-2.039643573080859,1.2834083145944526,1.5897647707757705,0.0041882888207306354,-1.605224255065473,-0.043420046459265116,1.5906041413460679,5.670375222467703,-25.448448918324196,9.754675504101373,11.761473951612697,0.006711874224163306,-0.9799901257621144,-0.03709182142048103
-0.0022407037921744616,0.5597692108419778,0.3453108878879412,0.8050050232659556,0.35188037456513005,0.6157792579684658,-2.035980011081143,1.2841327954071122,1.590868314591681,0.004203892884513815,-1.5759314659976507,-0.043749597110188,1.5945111104826537,6.84164202860063,-25.883206879159555,10.695111818345426,11.890597805278919,-0.01459293882997481,-1.047197355488779,-0.03767713072468633
0.012538627047693249,0.5605998909448404,0.34444658089255215,0.7909127438267805,0.3527579935787508,0.6037593399316679,-2.0331017493003767,1.2847561278259731,1.5919149681609166,0.004224694378410918,-1.5486922464069792,-0.043126835274457154,1.5977367342399753,7.852913988457695,-26.34502871543201,11.519170998511141,12.088620254831005,-0.029641356545235253,-1.103229852561236,-0.03934600739193164
0.026146893129400633,0.5608827622643366,0.3432069904209796,0.7779265738879462,0.35417741709282463,0.5926809429971849,-2.030967987502277,1.2852831040099124,1.59289646637823,0.004251179626569113,-1.523666190672598,-0.04162102485716912,1.6002997552293985,8.702709553465398,-26.829772172164017,12.22418177645401,12.341873500558638,-0.039067143136661375,-1.1480879271943334,-0.041250363082537406
0.03848989151511589,0.5607204002793971,0.34163321405727665,0.7661146560607695,0.35608321426278056,0.582611034107869,-2.0295287637607715,1.2857186400422327,1.593806239525633,0.004283549696311817,-1.500977627566143,-0.03931539760750913,1.6022243739119504,9.391599038409609,-27.332693821698335,12.809005281575987,12.637346510528314,-0.04359877504378462,-1.1823905250531563,-0.04379765427273302
0.04950001393235837,0.5602139402483749,0.3397715933019161,0.7555267412678799,0.3584157525650608,0.5736003555270288,-2.028727391897401,1.2860677311465805,1.5946392796361837,0.004321756760519792,-1.4807169673903224,-0.03630450847602251,1.603539309385374,9.921873454653918,-27.848352411453646,13.274261122908332,12.962867477891859,-0.043813432174561906,-1.2065376125121865,-0.04650086442747303
0.05913467112010476,0.5594591827975357,0.3376722787186671,0.7461951551729268,0.36111222181363034,0.5656839129052514,-2.0285026453499926,1.2863354326204233,1.5953920710216645,0.004365580368164387,-1.4629419934986696,-0.032691068430967585,1.604277137191478,10.297548283421838,-28.370619580695575,13.622008261584767,13.307285205951011,-0.040293418610601706,-1.2211626910580033,-0.04953540189264197
0.06737432816340286,0.558543566330712,0.33538781408145146,0.7381358397925145,0.36410765025792047,0.5588815963727729,-2.0287906701349434,1.2865268416510016,1.596062454796933,0.004414652974871723,-1.4476794367360255,-0.028583302238472497,1.6044737533552893,10.524175479727301,-28.89275226491584,13.855724888978637,13.660585588069225,-0.03351858054124496,-1.2268480082429152,-0.052616048590641895
0.07422031022675614,0.5575440125355089,0.33297177259655186,0.731349437891588,0.3673359106835396,0.5531989483879296,-2.0295266326666153,1.2866470930611942,1.5966495093291866,0.004468505335876943,-1.4349266332820363,-0.024092148623462872,1.6041679862328233,10.608756752316037,-29.407538618405226,13.98010602205797,14.01398246575658,-0.023941067105603397,-1.2242706794809128,-0.05580780939056161
0.07969250362411195,0.5565255814607452,0.3304774763302654,0.7258224210210377,0.3707307090232225,0.5486280445699269,-2.030646108657401,1.2867013560167013,1.5971534105564575,0.004526583599392715,-1.424653388949068,-0.01932885825984898,1.603401285259823,10.559584309606336,-29.907489065890278,14.000958023483765,14.35996950486153,-0.011941204316602394,-1.2140973059756837,-0.05894149991397702
0.08382705405733178,0.5555408642751971,0.32795682326318476,0.7215282491368789,0.374226547507594,0.545148477187351,-2.0320862281921257,1.2866948357524444,1.5975752995134564,0.004588276160697975,-1.4168039636230472,-0.014402638692742054,1.602217459541672,10.386107500872162,-30.385063701851468,13.925022115174453,14.692339310560696,0.0021346836291930016,-1.1970320445784552,-0.06203459882267034
0.08667413229580988,0.5546300112285941,0.3254592407300086,0.7184285564349081,0.37775965249409155,0.5427284215295203,-2.0337865941600186,1.2866327726124889,1.5979171500610307,0.004652925606944961,-1.4112992155251076,-0.00941864014522209,1.6006624204422786,10.098758447214582,-30.832911879908245,13.75983474231187,15.006168832944923,0.01798977284316755,-1.1737712085394436,-0.06498729645983972
0.08829581439808966,0.55382128972912,0.32303077979980976,0.7164743586283165,0.38126885572209696,0.541325767471643,-2.0356899943278917,1.2865204398665104,1.598181645019385,0.004719845662091621,-1.4080388586830754,-0.004476103501029449,1.5987838962107113,9.70878495529448,-31.244112605145357,13.513551522867285,15.297771756127906,0.03535674670600786,-1.1450204566648137,-0.06780067648314357
0.08876410092657298,0.5531320587583465,0.32071335957465047,0.7156072765319437,0.3846964171152743,0.5408892987359267,-2.0377429287898186,1.2863631363917725,1.5983720606472143,0.004788330620669098,-1.406903837854424,0.00033317443526548196,1.5966310898064306,9.228055086651063,-31.61239590751053,13.194794604383109,15.564620724774361,0.0540009073975844,-1.111470908106333,-0.07041825503983486
0.0881590839078305,0.5525700507722096,0.31854416674577934,0.715760769788407,0.38798877698691797,0.5413599041636643,-2.0398959754640824,1.2861661741446355,1.5984921626123225,0.00485766777771111,-1.4077587863761551,0.004926150226126413,1.5942542622011573,8.668866101388367,-31.93233720948897,12.812484445976452,15.805242606790824,0.0737081682639581,-1.0738055572127376,-0.07283881377071046
0.08656725818722452,0.5521348556382286,0.3165552111180537,0.7168613769478048,0.391097225302736,0.5426718019150623,-2.0421040162324244,1.2859348599884157,1.5985461119161444,0.0049271460436056454,-1.410454553407761,0.009229538035722795,1.5917042308262654,8.04374315515355,-32.199513415644894,12.375688460051053,16.019092441168844,0.09428456911425953,-1.0326865872203477,-0.07503376123735057
0.08407996712306633,0.5518195114528371,0.3147730343271961,0.7188299534037597,0.39397847693353943,0.5447537631015159,-2.0443263461922703,1.2856744715549868,1.5985383828791466,0.0049960664485744054,-1.4148307668270357,0.013180560062723945,1.5890317855408322,7.365242414594738,-32.41061636054969,11.893474990773335,16.20641165723845,0.11554759291646621,-0.9887562739535884,-0.07700495477840077
0.08079196907842895,0.5516121167655466,0.31321856531171743,0.7215829002614291,0.39659514283513386,0.5475303188042524,-2.0465266872667587,1.2853902278225042,1.5984736909184596,0.005063750714522688,-1.4207184069833252,0.016727407936855787,1.5862870320978053,6.645761426785405,-32.563521510038264,11.37478133053834,16.368078377092388,0.13732514536200746,-0.9426313201511056,-0.07874165461063856
0.07680011135930943,0.5514973918055772,0.31190711313272385,0.7250333750238769,0.39891608909391846,0.5509229370387132,-2.0486731260696334,1.2850872553235102,1.5983569300280738,0.005129550737778699,-1.4279423556984805,0.019829450860193942,1.5835186824562821,5.897360852211831,-32.657312129902046,10.828297521363488,16.505455978006054,0.15944978623503597,-0.8949019818015803,-0.08024990397975747
0.07220210011728867,0.5514581288262732,0.3108484848825397,0.7290924742733045,0.4009166780643477,0.5548511570209725,-2.050737994040417,1.284770550991107,1.5981931181824787,0.005192856855069866,-1.4363238889176884,0.022457184414986786,1.5807733178777879,5.131603388955995,-32.69226231092021,10.262366646028166,16.620247460631894,0.1817578066010207,-0.8461296521590191,-0.08153002038320453
0.0670953581973486,0.5514764854593033,0.3100472143535461,0.7336703774474638,0.40257888852150986,0.559233669940474,-2.052697705728855,1.2844449429671498,1.597987349653476,0.00525310624127429,-1.445683077428041,0.024591953389074606,1.578094654708555,4.359411759458457,-32.66978309783057,9.684903467539907,16.714360917558714,0.20408610293098306,-0.7968460492514348,-0.0825914246091456
0.0615759666607488,0.5515350879799923,0.30950288533354464,0.7386774407427005,0.4038913145649781,0.5639893364306424,-2.0545325687132263,1.2841150507307777,1.5977447525437822,0.005309790170877923,-1.4558410635976065,0.026225462579460013,1.5755228449841774,3.5909499534887703,-32.59233790768184,9.103329527757893,16.789791400487942,0.22627215623974561,-0.7475523333319387,-0.08344087068656796
0.05573768942820971,0.5516179243063157,0.30921053238071955,0.7440252304701721,0.4048490458781515,0.5690381320814255,-2.0562265761506024,1.2837852461659036,1.5974704500869363,0.005362460665869704,-1.4666221830674833,0.02735911140293723,1.5730938428059098,2.8355279497666808,-32.46333332589978,8.524525029040314,16.848522163543947,0.24815325390052434,-0.6987186572049183,-0.08408993762633607
0.0496710834114001,0.5517110182903584,0.3091611013471135,0.749627484724837,0.4054534349455581,0.5743020149225179,-2.0577671905859365,1.2834596166241783,1.5971695249109124,0.005410735882103648,-1.4778559053135099,0.028003178859881572,1.5708388650981349,2.1015303503555636,-32.28699170430506,7.9547961687186985,16.892447475923557,0.26956734302714797,-0.6507834060420589,-0.08454881708652642
0.04346269859558034,0.5518028875867846,0.3093419521046076,0.7554009959469631,0.4057117590345906,0.5797057067314919,-2.059145125045517,1.283141932264153,1.5968469836163917,0.005454304080884487,-1.4893785715360697,0.028175896335335793,1.5687839693474561,1.3963717687111323,-32.068212572536964,7.399852268755815,16.923317440255268,0.2903548065096717,-0.6041538691124988,-0.08483038142735935
0.037194373269759426,0.55188479654002,0.30973738651084654,0.7612664006808896,0.4056367883368025,0.5851773908032688,-2.0603541259769163,1.2828356163584234,1.5965077251356936,0.00549292671145386,-1.5010349142764199,0.027902440062588685,1.5669497667823657,0.7264665907890508,-31.812425898997066,6.864803801797786,16.942703568022463,0.31035832516224193,-0.5592025085487282,-0.08494627604001916
0.030942629535992416,0.5519508230103392,0.3103291860723117,0.7671488751370402,0.4052462720001978,0.5906493167365369,-2.0613907596423484,1.2825437222693654,1.5961565066570553,0.005526439405750994,-1.5126793500338807,0.02721387827731747,1.5653512789644366,0.09723475682344374,-31.52544754751725,6.354151578241208,16.95198452106352,0.329428541501692,-0.5162719301169895,-0.08491018614497911
0.024778173202746584,0.5519977638844368,0.3110971451190239,0.7729787278739155,0.4045623567269721,0.5960583157289285,-2.062254203030153,1.282268915649162,1.5957979122245043,0.005554752008791958,-1.5241770410525937,0.026146103365605855,1.5639979412438287,-0.48689229927824274,-31.21333387121258,5.871805492956388,16.952346866863394,0.34742260019767124,-0.47566666444694494,-0.08473452678124994
0.01876550004131229,0.5520249078147448,0.31201958745709424,0.7786918871085138,0.4036109531065315,0.6013462254916359,-2.0629460385888154,1.2820134629249356,1.5954363210649036,0.005577846848413293,-1.5354047289989579,0.024738777815567214,1.56289374928013,-1.0224324660744721,-30.882246432926607,5.421087677864962,16.944800532248937,0.3642103366303875,-0.43765971859450065,-0.08443328543240247
0.012962608342799997,0.5520337058317206,0.3130738566940862,0.7842302812209891,0.40242106558932106,0.606460226586225,-2.063470051476525,1.2817792260619882,1.5950758776025507,0.005595775936319739,-1.5462513483667237,0.023034316999001936,1.5620375360829157,-1.5068142437555232,-30.5383232604052,5.004756866362573,16.930202516654404,0.37967405542585675,-0.4024848527720934,-0.08401946413359135
0.007420815145546433,0.5520273709896995,0.31423677248165205,0.7895421139831301,0.4010241019766151,0.6113530917131484,-2.063832027430537,1.2815676637167546,1.5947204625230456,0.005608656706215061,-1.5566184303195243,0.02107692885191681,1.5614233656740666,-1.9383163456105996,-30.187563817229165,4.625021715000454,16.90928768926528,0.3937132609716551,-0.3703413871797945,-0.0835072629825974
0.0021846711684089942,0.552010437018548,0.31548504738715116,0.7945820370410891,0.3994531780908523,0.6159833516898673,-2.064039549407625,1.2813798383947848,1.5943736663292833,0.005616666864129087,-1.5664203121518185,0.01891172416818776,1.5610410221093554,-2.31600892142512,-29.83572498741689,4.283567902426671,16.882701335207642,0.4062449316613833,-0.34138846826458624,-0.0829101576846897
-0.002708032657198267,0.5519883037722552,0.31679566099888457,0.7993112234069542,0.397742432631828,0.6203153832724972,-2.0641017913609723,1.2812164287828878,1.594038766228114,0.005620038378491026,-1.5755841681994922,0.016583907975532775,1.5608765735271999,-2.6396831658000095,-29.48823215879791,3.981578424086322,16.851032127869445,0.4172063610389394,-0.31574807623792833,-0.08224237694440563
-0.007226175673129165,0.5519667938801008,0.3181461899323211,0.8036973504307675,0.395926365532931,0.624319420799529,-2.064029307691599,1.2810777477309956,1.5937187054837674,0.005619050645221452,-1.5840498806521166,0.014138056814822164,1.560912986179452,-2.9097805346888665,-29.150104301037985,3.7197583145067905,16.81484192081968,0.4265561686243412,-0.2935027329871267,-0.08151778992603045
-0.011345144755710565,0.5519517411960828,0.3195150937343983,0.8077144975001697,0.3940392124129797,0.627971499830983,-2.0638338180225984,1.28096376401407,1.5934160781391784,0.005614023425496903,-1.5917697675063691,0.011617484449419457,1.561130767284925,-3.1273231535140487,-28.82589298307582,3.4983621421436943,16.774690991314223,0.43427428640172744,-0.2746957388732213,-0.08075039448272006
-0.015046608636091113,0.5519486271486,0.32088195816441983,0.8113429691985395,0.39211436528250243,0.6312533357246921,-2.0635279871993855,1.2808741283138558,1.5931331170249552,0.005605309245388367,-1.5987081863912507,0.009063694180521109,1.561508613456632,-3.29384028621403,-28.51963670411761,3.3172165948207533,16.731157661019623,0.440363330304533,-0.2593330018491432,-0.07995406377007047
-0.018318239474686096,0.5519622767625131,0.32222769803213963,0.8145690520029392,0.39018384832528846,0.6341521447193101,-2.063125201620456,1.2808082019582672,1.5928716874306652,0.00559328592540589,-1.6048410310101209,0.0065159148721729565,1.5620240454257672,-3.4113035331411634,-28.234827605086444,3.175751464429164,16.68485092907411,0.4448466542488506,-0.24738179510653813,-0.07914226052265348
-0.02115339159841209,0.5519966216356041,0.32353472245015424,0.8173847125636566,0.3882778557221226,0.6366604156559444,-2.062639343721074,1.2807650871422491,1.592633286592495,0.005578349330352516,-1.610155136933735,0.004010715420908362,1.5626540122291066,-3.482061156926717,-27.974391865500248,3.0730261958976905,16.636416873636804,0.44776811349126744,-0.23877400988111425,-0.07832804518185565
-0.02355074629607176,0.5520545331229878,0.3247870656520225,0.8197872505497846,0.3864243556711105,0.638775634706574,-2.0620845666739966,1.2807436594074373,1.5924190468302997,0.005560906134414638,-1.6146476123997269,0.0015816919107285443,1.5633754488649156,-3.508775540234721,-27.74068245921789,3.0077567128440807,16.586538515317173,0.4491909790377595,-0.2334078863961736,-0.07752400392517983
-0.02551393059028971,0.5521377253935521,0.3259704863423566,0.8217789144948742,0.3846487635188698,0.6404999709968958,-2.0614750724313353,1.280742600857883,1.5922297440717144,0.005541367053170287,-1.6183251077434844,-0.0007407783894632924,1.5641657775054971,-3.4943689479064632,-27.535482042547677,2.9783478509618817,16.535929786131028,0.44919520205909574,-0.2311494987110302,-0.07674184951831632
-0.027051116934532923,0.5522467247706323,0.32707253856919416,0.8233664890672202,0.382973685051906,0.6418399303412785,-2.0608248965064093,1.280760433368722,1.5920658109504473,0.005520140544677921,-1.6212030370415238,-0.002929722185316397,1.5650033440672153,-3.4419705093280353,-27.36001620135337,2.9829229614501593,16.485325058546692,0.44787581025797063,-0.2318366800729963,-0.07599250144587924
-0.028174609572356207,0.5523808993047733,0.3280826167653736,0.824560862663081,0.3814187291594138,0.6428059829985586,-2.06014770299785,1.2807955514237008,1.5919273539500922,0.005497627088950364,-1.6233047641151388,-0.004961699895637883,1.5658677846884956,-3.354868979572225,-27.21497498343133,3.0193564849247925,16.43546490169159,0.4453401468969234,-0.23528141028875593,-0.0752857432761946
-0.028900422316723684,0.5525385406092594,0.3289919771785823,0.8253765828291342,0.3800003877151933,0.6434121720156561,-2.0594565934276274,1.2808462538755547,1.5918141743001986,0.005474214106755523,-1.6246607639103865,-0.006816884663248812,1.5667403204600037,-3.2364688187447195,-27.10054184475519,3.085306630156478,16.387079516919744,0.44170540949390263,-0.24127376828555946,-0.07463023737101111
-0.029247851677819625,0.5527169886370338,0.3297937375861904,0.8258314064120537,0.3787319792424145,0.6436757082579261,-2.058763932758497,1.2809107742032684,1.5917257919566827,0.0054502715687529185,-1.6253077696805103,-0.008479094758920835,1.5676039805918744,-3.0902502268715497,-27.016428586125784,3.1782493838934616,16.34087093509772,0.4370959361410665,-0.2495853096615761,-0.0740332962424681
-0.02923904859444243,0.5529127893511488,0.3304828568038584,0.8259458511269945,0.37762365179429186,0.6436165571833401,-2.0580811955510137,1.2809873091054655,1.591661471720138,0.005426148224254041,-1.62528791537766,-0.009935782710231766,1.5684437566730502,-2.9197315343303356,-26.961915329136865,3.2955121936257328,16.29749520428404,0.4316408024474153,-0.2599732945037042,-0.07350094030711496
-0.028898591609753388,0.5531218749872326,0.3310560952221799,0.8257427532765729,0.37668243987835026,0.6432570234789464,-2.057418834848813,1.2810740448523008,1.5916202513864162,0.0054021685757351,-1.6246478820186012,-0.01117798398430292,1.5692466926102981,-2.72843592196802,-26.935893864379814,3.4343098977784243,16.257545450887736,0.42547098072807876,-0.272183975646709,-0.07303766705676507
-0.028253064077292542,0.5533397568211649,0.33151195743249556,0.825246836899173,0.37591236946895784,0.6426213376131341,-2.056786175638855,1.2811691815345234,1.5916009705547018,0.0053786304044145285,-1.6234380561899338,-0.012200227658233143,1.5700019159625132,-2.519858339913115,-26.936914060213823,3.591778093571987,16.221536920104132,0.41871750872721797,-0.28595735689015017,-0.07264666462464006
-0.02733063788778256,0.5535617209684562,0.33185061789362197,0.8244842976483483,0.37531460499633934,0.6417352495046241,-2.056191334210383,1.2812709547980257,1.5916023001707786,0.005355802991397576,-1.621711708136074,-0.013000411264058043,1.5707006176001688,-2.297437272099862,-26.96323133038728,3.765009493342763,16.18989434557599,0.4115088080435424,-0.3010299272868288,-0.07232954733527998
-0.02616066626538073,0.5537830186433093,0.33207383061463996,0.8234824047210841,0.3748876319298012,0.6406256331643986,-2.0556411639452747,1.2813776551053673,1.5916227717957856,0.0053339258596443,-1.6195241963432419,-0.013579641979885704,1.5713359873109485,-2.0645259470509596,-27.012855227991,3.9510865708042213,16.1629425397927,0.40396932662246227,-0.3171393889914083,-0.07208667916597777
-0.024773288237460056,0.5539990434674394,0.3321848239349068,0.8222691237723664,0.37462746852985085,0.6393201054846799,-2.055141227377005,1.2814876446575871,1.5916608060744142,0.005313208027581645,-1.6169322049735737,-0.013942046505895478,1.5719031127868206,-1.824367152331221,-27.083597554397375,4.147115347331622,16.140900134111142,0.3962176469514741,-0.33402727236191315,-0.07191701038800262
-0.02319904756066314,0.5542054897424326,0.332188181617356,0.8208727615003625,0.37452790077180687,0.6378466639892676,-2.0546957938468324,1.2815993714372458,1.5917147408166537,0.005293827866574551,-1.6139930196683046,-0.014094552098867119,1.5723988503746003,-1.5800700739209228,-27.173119402966794,4.350257777689642,16.12387684314423,0.3883650068846648,-0.3514422869144639,-0.0718182640759824
-0.02146852893441792,0.5543984869911541,0.33208971176041946,0.8193216348596261,0.3745807342542446,0.6362333445252516,-2.0543078612023122,1.281711381137676,1.5917828570289771,0.005275933254390315,-1.6107638470360843,-0.014046641849682517,1.5728216743290857,-1.3345867974650287,-27.278977094431294,4.557759726106562,16.111874221721934,0.3805148361765218,-0.36914379132830566,-0.0717871246963471
-0.01961201432685053,0.554574707581733,0.3318963051782064,0.8176437659962109,0.3747760574596872,0.6345079013213119,-2.0539791996556205,1.2818223269149533,1.5918634033318122,0.005259642123381684,-1.6073011818828307,-0.013810087381482372,1.5731715118002763,-1.0906936354408225,-27.398665419752863,4.7669800547875445,16.10478944995842,0.3727614308131395,-0.38690343598229227,-0.07181923560895244
-0.017659162291976213,0.554731445605283,0.3316157851924964,0.815866602204738,0.3751025113873389,0.6326975131225512,-2.0537104155881063,1.281930976507458,1.5919546191606802,0.005245043454978096,-1.603660225901022,-0.01339866277164381,1.573449570305312,-0.8509738420981875,-27.529658278035026,4.9754160504045615,16.10242220277471,0.3651894748347515,-0.4045077281062254,-0.07190938632141843
-0.015638712908761274,0.5548666665367241,0.3312567510420895,0.81401676306836,0.3755475605175072,0.6308285148508151,-2.0535010324468597,1.282036217665177,1.5920547552569733,0.005232198418436899,-1.5998943609621754,-0.012827843926809024,1.573658162345572,-0.6178007932498386,-27.669446721837204,5.1807238841320284,16.104484104905183,0.3578742486955234,-0.4217602666364013,-0.07205177793007492
-0.013578220680941555,0.5549790284760338,0.3308284171830154,0.8121198147582548,0.3760977608253404,0.628926156307131,-2.0533495858902384,1.2821370617467522,1.592162092262969,0.005221141783453632,-1.5960546788638625,-0.012114497751956499,1.5738005322502382,-0.3933265511446007,-27.81557312252696,5.3807393597078,16.1106100785604,0.3508809760134986,-0.4384822801822139,-0.0722400040517924
-0.011503817460931431,0.5550678767625707,0.3303404509440335,0.8102000707373193,0.3767390211382364,0.627014389619873,-2.053253730223901,1.2822326453680308,1.5922749574815154,0.005211883562008107,-1.592189569067993,-0.011276565854673182,1.573880689249396,-0.1794714503520629,-27.965662035593624,5.5734933140002045,16.120371460778514,0.34426519099375497,-0.4545143222640522,-0.0724673444283456
-0.009440006942070783,0.5551332146521787,0.3298028110738301,0.8082804193378457,0.37745685439054577,0.6251156850984271,-2.053210353000574,1.2823222305819846,1.5923917393621263,0.005204410782768056,-1.588344365237446,-0.010332747654027363,1.5739032491796545,0.02208339099985146,-28.11744738975002,5.757223890410527,16.133290131051808,0.3380729983359018,-0.4697166676843101,-0.07272685068228947
-0.007409491737313326,0.5551756534473639,0.32922558963512744,0.8063821777205815,0.37823661592130237,0.6232508758263452,-2.053215694801531,1.2824052035917424,1.5925109001202922,0.005198689411793541,-1.5845610503629182,-0.009302187645168436,1.5738732872468253,0.20990021885031518,-28.268795822195898,5.930385902585849,16.148853176794425,0.3323413425376961,-0.48396960860037364,-0.07301152034251408
-0.005433033518069133,0.5551963459067495,0.328618859657412,0.8045249720349414,0.3790637263433529,0.6214390304257154,-2.053265471295944,1.2824810722920625,1.5926309862340153,0.0051946663213848785,-1.5808780198733277,-0.008204171572841146,1.573796203047943,0.3827866443774046,-28.417726417792366,6.091655943637836,16.166527655079456,0.3270986682443724,-0.49717364881852055,-0.07331445432157781
-0.003529346096405206,0.5551969070428618,0.32799253078160673,0.8027266432506933,0.3799238769799568,0.6196973534226535,-2.053354994897587,1.2825494627911094,1.5927506370308542,0.00519227130556973,-1.5773299013149777,-0.007057835926665756,1.5736775985930809,0.5397941154509676,-28.562426635133086,6.239935010482863,16.185774896122325,0.32236533826089475,-0.5092489667803602,-0.07362895620790169
-0.0017150208358231028,0.5551793264680167,0.32735621492580036,0.8010031764671309,0.3808032165423164,0.6180411142419375,-2.053479293701846,1.2826101144709445,1.592868592302124,0.005191419289360236,-1.5739474286892208,-0.005881894867749482,1.5735231698789853,0.6802128244326924,-28.701264405443347,6.374348836187938,16.206064001068256,0.3181539460231905,-0.5201345839078166,-0.07394856316247944
-4.483170651325974e-06,0.5551458763437855,0.32671910377271257,0.7993686552425315,0.38168851749522714,0.6164836008457119,-2.0536332252946337,1.282662874819233,1.592983697113523,0.005192012291090343,-1.5707573692177603,-0.0046943883515322415,1.5733386109823082,0.8035677621685504,-28.832797640490014,6.49424092974235,16.226884328465147,0.31447089705947145,-0.5297888434716979,-0.07426744049278419
0.0015900214245149341,0.5550990187677819,0.326089859479793,0.7978352379807616,0.38256732160808504,0.6150360992955622,-2.053811583799791,1.282707693148669,1.5930949061373139,0.005193941608723554,-1.5677824993205671,-0.0035124544178217754,1.5731295308361286,0.9096060622111715,-28.95577919922328,6.5991703693237405,16.247756125208927,0.311315651366797,-0.5381862097956049,-0.0745799619461081
0.0030583251280342783,0.5550413053640468,0.3254765300456968,0.7964102105864482,0.3834285645498881,0.6137115121876087,-2.054009441053512,1.282743443321944,1.5932030806994035,0.005197490839577866,-1.5650416284900448,-0.002352106590044034,1.5729019693683768,0.9957095677771675,-29.068490380335955,6.691813258551489,16.268176843647176,0.3078798961658833,-0.544334052733946,-0.07464169566183107
0.004392551727214422,0.5549753046884425,0.32488651377206124,0.7951066395038162,0.3842609433283282,0.6125112543940048,-2.0542212561093605,1.2827724146673343,1.5933034992137949,0.0052016798552350545,-1.5625500140244253,-0.0012283198750380198,1.5726597217129743,1.0728406938488542,-29.17256678455157,6.759640747879354,16.288202316113242,0.30778552580761015,-0.5530745090189753,-0.0755873011333344
0.005586963267296741,0.5549036104180564,0.3243262461681952,0.793930745986575,0.38505494595083833,0.6114411456216283,-2.0544423174321933,1.282794257821871,1.5933976745126992,0.0052068945616246705,-1.5603181022197061,-0.00015413063591118714,1.572408340597921,1.1232962142504366,-29.263692708044243,6.824217476940584,16.306345656061907,0.304240642855846,-0.5541825920304237,-0.07508071743943145
0.00663752402921608,0.5548285712934535,0.32380146443370755,0.7928850257872608,0.3858025427298788,0.6105072493513718,-2.054668259406151,1.2828084636220392,1.5934853219544105,0.005212940881700242,-1.5583533864004386,0.0008586363800875407,1.5721536475436821,1.1631126944525323,-29.344182653367447,6.866799067153899,16.323728682306623,0.30407337210064794,-0.5602795670245695,-0.07594638994422342
0.007542214699550617,0.5547523530016333,0.3233171844118048,0.791973095636504,0.3864964519645001,0.6097103973106314,-2.054894751665168,1.2828159183628542,1.5935652179236943,0.005219686785671298,-1.5566603602194087,0.0017995641223449432,1.5718984546281005,1.1851203097164564,-29.412466140989967,6.897889021762248,16.339210718157553,0.3029897362897952,-0.5609424982537567,-0.07569619834537261
0.008300824011078053,0.5546769977588503,0.3228773598490546,0.7911959182045161,0.3871307435672112,0.6090509957564687,-2.055117942735746,1.282816773208392,1.5936375077717875,0.005227008696970824,-1.5552391835075785,0.0026603238326752265,1.5716476316488615,1.193152856950294,-29.468923062500064,6.913953876657734,16.353036222649017,0.30285802661123706,-0.5630025546319326,-0.0762406742904663
0.008914751062958512,0.5546042073088298,0.32248520011223314,0.7905532534336713,0.3877006320450167,0.6085273855468085,-2.0553343430796818,1.2828115781677096,1.5937016258167842,0.005234767781466275,-1.5540877779967117,0.003433851850634273,1.5714042304516596,1.186782247612736,-29.513393494287858,6.9176065103205335,16.36488756509899,0.302972511819094,-0.5626139513708589,-0.07614661577813465
0.009386937966549685,0.5545354674502332,0.3221429878492877,0.7900432367933959,0.38820254509514723,0.6081366841266553,-2.0555409164854344,1.2828007812608182,1.5937575744148227,0.005242847387601537,-1.55320066831022,0.00411510144694005,1.5711716431873817,1.1676745916796414,-29.54618131737411,6.908701199574753,16.374825249144706,0.3034842462066863,-0.562020254568541,-0.07647633683481556
0.009721689744702763,0.554471946790087,0.32185220380067003,0.7896627382886794,0.3886340569026156,0.6078745710324435,-2.055735055745269,1.2827849102053335,1.593805194873432,0.0052511191259690055,-1.5525701406411432,0.004700398047172705,1.5709524666679389,1.136577417590068,-29.56757697033358,6.888641372899979,16.382779541839554,0.30435846696810787,-0.5600948718871324,-0.07644569554736176
0.009924551476504909,0.5544145555982437,0.32161350856287113,0.7894073651302481,0.3889938623131696,0.6077355982733523,-2.055914607578388,1.2827644996596261,1.593844561046793,0.005259475013749611,-1.5521859477877282,0.005187856151971593,1.570749071487767,1.0948161124600142,-29.578071362175546,6.858127236362283,16.388825634129837,0.3055200424019887,-0.5575797241433073,-0.07663082896046869
0.010002148699212773,0.5543639219530727,0.32142681273326207,0.7892716519176519,0.3892817118622936,0.6077132399819832,-2.0560778557034665,1.2827401008396646,1.5938757552427227,0.005267802649175431,-1.5520359143028681,0.005576945777617803,1.5705633118911018,1.0434846353988467,-29.578225788253608,6.818328141157505,16.393021974379074,0.3069834737033785,-0.5541896483939595,-0.07661181257758795
0.009962045565622663,0.554320429516234,0.32129131562589297,0.7892491603160285,0.38949834923646515,0.6078000841743811,-2.056223515613168,1.2827122730057094,1.5938989812976903,0.005276006747352358,-1.552106012571329,0.005868662918862233,1.570396680004449,0.9838508698226514,-29.56871718867939,6.770225923253534,16.395490086741084,0.3086782594182011,-0.5502137705854586,-0.07669651260383734
0.009812593707269987,0.5542842286659296,0.3212055709317943,0.7893326303035061,0.3896454327382293,0.6079879511188291,-2.0563507120650133,1.2826815735216586,1.593914492427527,0.0052839936333092695,-1.5523807537742156,0.006065224173278594,1.5702502394500852,0.9171135817004263,-29.55029153661115,6.714950031790918,16.396361516646227,0.31059867526354584,-0.5456235220004065,-0.07666385288199386
0.009562788908494657,0.554255270756472,0.3211675477774326,0.7895141052637643,0.38972545277948034,0.6082680510043049,-2.0564589572979353,1.2826485548523814,1.5939226202214498,0.0052916841436690155,-1.5528433918188678,0.006170087531764068,1.5701246788764882,0.8445113921004502,-29.52376570646219,6.653571436926982,16.395796503791125,0.31269283253419905,-0.5405698178358538,-0.07667707092008032
0.009222128266342014,0.5542333336418961,0.32117470077009147,0.7897850702049581,0.3897416416815514,0.6086311174483817,-2.056548121448204,1.2826137560020687,1.5939237475287116,0.005299004649174838,-1.553476230357906,0.006187716825732936,1.5700203096198229,0.7672417533240281,-29.49000366749077,6.5871961195990085,16.393964852366352,0.3149408785041371,-0.5351019718085256,-0.07662151922553659
0.00880047375092205,0.5542180551187048,0.32122404027905577,0.7901365798309673,0.3896978802538817,0.6090675488397576,-2.0566184014571833,1.2825776991050717,1.5939183119364724,0.005305894216214667,-1.554260858330838,0.006123519461005422,1.5699370978629819,0.686485903759104,-29.44990696054998,6.5168936773006445,16.391046810916208,0.31730208385324415,-0.5293257237112965,-0.0765837187458353
0.008307920479082784,0.5542089622308035,0.3213122051574746,0.7905593870557057,0.38959860123072104,0.6095675378834324,-2.0566702864853608,1.282540883494329,1.5939067920677223,0.0053122995208457835,-1.555178413343928,0.005983650237386229,1.5698746842446663,0.6033771769194265,-29.404398120602846,6.443719801402123,16.387224642387288,0.31975092187766013,-0.5233116864316234,-0.07650517362062478
0.0077546720698530025,0.5542055019009331,0.32143553510921796,0.7910440639603058,0.3894486919572333,0.6101211986581266,-2.0567045223491784,1.2825037822843863,1.5938897035100457,0.0053181785902787805,-1.5562098105719466,0.005774908335172579,1.5698324145885527,0.5190024076535116,-29.35440878774456,6.3686877222688025,16.382679390202036,0.322253040723392,-0.5171469989673059,-0.07643205276719112
0.007150922967243747,0.5542070679978836,0.3215901422294491,0.7915811182543009,0.38925339723251806,0.610718683943964,-2.0567220748600574,1.2824668383806566,1.5938675892422132,0.005323497833525106,-1.5573359717901885,0.005504567519103665,1.5698093690175554,0.4343875982918856,-29.30086652980808,6.292769434401119,16.37758636916378,0.3247820263009466,-0.5109043959787569,-0.0763351774108436
0.00650674888268829,0.5542130266634692,0.3217719805136931,0.7921611021708024,0.38901822390993573,0.6113502953146839,-2.0567240932918933,1.2824304619022941,1.5938410132493135,0.005328233755654022,-1.5585380309823376,0.005180258888081157,1.5698043951088732,0.35049364035049846,-29.244683520359107,6.216882384512587,16.37211189432641,0.3273082179911292,-0.504659309881388,-0.07623956923466824
0.005832005574728127,0.5542227378427389,0.3219769124467997,0.7927747138970587,0.38874884837743223,0.6120065838329499,-2.056711874384835,1.2823950275938703,1.5938105527265813,0.005332371117247688,-1.5597975289779626,0.004809823574396299,1.5698161417996406,0.268208493245591,-29.186745645945415,6.141886032614398,16.366410731685143,0.32980666414424026,-0.4984788744620446,-0.07613113918237316
0.005136236588459561,0.5542355737446157,0.32220077200866354,0.7934128906434599,0.38845102803255843,0.6126784413582416,-2.056686827535342,1.282360873223763,1.5937767913533094,0.005335903502293169,-1.5610965877168275,0.004401197850516514,1.569843094536141,0.18834356870044394,-29.127902994031345,6.068573968258837,16.36062396204573,0.33225200805804533,-0.49242792336220154,-0.07602378779297164
0.004428590188643361,0.5542509334783355,0.3224394233394561,0.7940668929515509,0.3881305177128618,0.6133571818406889,-2.056650441599466,1.2823282982556343,1.5937403124815377,0.005338832023604301,-1.5624180687746083,0.003962288229575783,1.5698836108261605,0.11162914956381537,-29.068961148377745,5.997670838340618,16.35487774027142,0.33462221381337576,-0.4865644864229253,-0.07591106949815862
0.003717745800890196,0.554268254347513,0.32268881466066157,0.7947283800964033,0.38779299186471394,0.6140346121542429,-2.0566042536830795,1.2822975633121076,1.5937016927700773,0.005341165229577915,-1.5637457122398464,0.0035008691393902946,1.5699359555574621,0.03871273186596519,-29.010673888343252,5.929827355413597,16.349282387006177,0.33689632946057185,-0.4809422846791645,-0.07580095803904205
0.00301185006616074,0.5542870197000788,0.3229450269636759,0.7953894758001552,0.3874439732311086,0.6147030930044587,-2.05654982027184,1.2822688898594943,1.5936614964285374,0.0053429181029575395,-1.565064257907228,0.0030244813745194943,1.5699983357545981,-0.029843617991880733,-28.95373666558896,5.8656192612206475,16.343932142056644,0.33905604593693917,-0.4756083035023179,-0.07569074258996547
0.0023184625935480097,0.5543067638145552,0.3232043172679443,0.7960428247243182,0.38708876851462226,0.6153555892187234,-2.0564886908588305,1.2822424605500524,1.593620269696224,0.0053441116263160705,-1.5663595472757494,0.002540348168578621,1.5700689339480887,-0.09356242411388938,-28.898781710756115,5.805543944445191,16.33890529637711,0.3410849951163093,-0.4706044745545459,-0.07558514830246134
0.0016445113835581032,0.5543270740638911,0.32346315621174493,0.7966816395356914,0.38673241145554044,0.6159857098180194,-2.0564223842592955,1.2822184199189695,1.5935785359373111,0.005344771888487877,-1.567618607437727,0.0020552975683238994,1.570145939777218,-0.15205151211145002,-28.846373833995766,5.750021243463346,16.334264658688305,0.3429692398631061,-0.46596592906908996,-0.07548321505584667
0.0009962577949486906,0.5543475908652132,0.32371825993844616,0.7972997385014188,0.38637961362653195,0.616587738287646,-2.056352367709107,1.2821968754323694,1.5935367913210936,0.005344929517126673,-1.5688297164407494,0.0015756996842890558,1.5702275794688594,-0.20500194394090998,-28.797007695192057,5.699392613591549,16.33005835745947,0.3446970185549912,-0.46172222142196295,-0.07538776517855317
0.00037927085499624147,0.5543680057870038,0.3239666162826837,0.7978915740438361,0.3860347230547778,0.6171566531035815,-2.056280038764518,1.2821778989044317,1.5934955009799858,0.005344618864678354,-1.5699824511621912,0.0011074126856738253,1.570312142561533,-0.25218629490818345,-28.751105985475945,5.6539226935131826,16.326320831514355,0.3462590221291777,-0.45789643015614473,-0.07529857526214115
-0.00020158936310187003,0.5543880583161593,0.32420550535384707,0.7984522524754084,0.38570169070546556,0.6176881390283289,-2.056206709997478,1.2821615282136787,1.5934550957803437,0.005343877379308894,-1.5710677178386887,0.0006557417473553873,1.570398005749782,-0.29345555816772234,-28.709018774845674,5.613800738254617,16.323073975377056,0.3476481657298577,-0.4545058489890511,-0.07521729967016062
-0.00074217966619676,0.554407531668227,0.32443251468284473,0.7989775451881167,0.38538404475243015,0.6181785897799674,-2.0561335964419327,1.282147769230922,1.5934159697101424,0.005342744881762481,-1.5720777663350167,0.00022540741864207625,1.5704836534989535,-0.3287359317752166,-28.671023760147307,5.579143500596977,16.320328378824605,0.34885968790601396,-0.451561662178265,-0.07514391875514168
-0.0012390733725741732,0.5544262480655983,0.3246455491636018,0.7994638926284168,0.3850848722898794,0.6186251015318774,-2.056061805622907,1.2821365982966726,1.5933784773268762,0.00534126284086006,-1.5730061887925326,-0.0001794747741412639,1.5705676951214484,-0.35802376981434325,-28.637327735764522,5.549997242699494,16.318084637687825,0.3498912441518373,-0.44906979160156885,-0.0750793884022686
-0.0016895522011086683,0.5544440638076363,0.32484283605016945,0.7999083989894752,0.38480680861684485,0.6190254610206248,-2.055992330294671,1.282127964088591,1.593342933137813,0.00533947392003625,-1.5738479036906572,-0.0005554056420091769,1.570648878838428,-0.38138389482099533,-28.608068042911718,5.526344855146437,16.316334513923362,0.35074195360880034,-0.44702962560044834,-0.0750234974060564
-0.0020915909466207583,0.5544608644160517,0.3250229253931228,0.8003088212171967,0.3845520332446225,0.6193781250852692,-2.055926043415026,1.2821217903174496,1.5933096099986346,0.005337421258742293,-1.5745991266018227,-0.0008995042089343652,1.5707261018825578,-0.3989400453579769,-28.5833163729474,5.508104679079109,16.31506247520862,0.35141393773838453,-0.44543709637520673,-0.07497680699996791
-0.0024438354642851295,0.5544765601233574,0.32518468619498825,0.8006635518454703,0.3843222723295523,0.6196821937419184,-2.0558636953600997,1.2821179784750716,1.5932787386725071,0.005335147941942347,-1.575257328467482,-0.0012095015171726953,1.570798417059453,-0.4108737486971072,-28.563081552533486,5.495140354276248,16.3142465344439,0.35191044121650533,-0.44428164033504586,-0.07493895875728906
-0.002745574702768233,0.5544910818499256,0.3253272986710318,0.800971595272256,0.38411880719784475,0.6199373786420951,-2.0558059132714748,1.2821164103157936,1.5932505080969364,0.0053326965093941255,-1.5758211826243491,-0.0014837265460738713,1.570865036646799,-0.4174164169321405,-28.54731407924963,5.487262936112547,16.313859627557427,0.3522368565842423,-0.44354950015419436,-0.07491005560305462
-0.0029967074161931784,0.5545043777529548,0.3254502430876952,0.8012325392163391,0.38394248824128097,0.6201439662870095,-2.055753202240459,1.282116950604625,1.5932250657630058,0.0053301084879168875,-1.5762905022430684,-0.0017210856324292312,1.5709253325018644,-0.41884449285828945,-28.5359106178402,5.484237502534583,16.313870525944353,0.35240003723337343,-0.443222205063704,-0.07488965101760606
-0.0031977042270615874,0.5545164104534175,0.32555328550129914,0.8014465215631484,0.3837937536648431,0.6203027772780787,-2.05570594818907,1.2821194497650432,1.5932025187571353,0.005327423988314171,-1.5766661689425672,-0.0019210356498846615,1.5709788336923287,-0.4154731784479602,-28.52871910596428,5.485788188438045,16.314244835130413,0.35240830691988223,-0.443278147438739,-0.07487751407883171
-0.003349565759098394,0.5545271549022166,0.32563646086494086,0.8016141933844022,0.3836726524539677,0.6204151221381589,-2.0556644222368137,1.2821237465358322,1.593182935066928,0.005324681336630253,-1.5769500542999606,-0.0020835521993449735,1.5710252213137574,-0.40765069743107735,-28.525544069556155,5.491604188364545,16.31494581277741,0.3522712382144174,-0.44369241381364677,-0.07487309246359808
-0.0034537775333761955,0.5545365968767576,0.32570005388886114,0.8017366786879142,0.3835788709515811,0.620482754539853,-2.0556287863710367,1.2821296705487564,1.5931663453260452,0.005321916768123144,-1.5771449353026545,-0.0022090932821585696,1.5710643211297683,-0.39575228657298805,-28.526152189712786,5.501345394817415,16.315935146770894,0.3519994563338882,-0.4444376106365321,-0.0748759263602629
-0.0035122623300098688,0.5545447320211225,0.3257445780767229,0.80181553165973,0.38351176239687657,0.6205078224771675,-2.0555991002137515,1.2821370448591602,1.5931527447820875,0.005319164150051591,-1.5772544052115316,-0.002298559501636266,1.5710960941876637,-0.3801743204448591,-28.530277987858014,5.514648143045165,16.317173625435487,0.3516044978337945,-0.44548418497154746,-0.07488537843345122
-0.0035273307007512578,0.5545515653475565,0.32577075332738126,0.8018526918400191,0.3834703788325761,0.620492818285079,-2.055575328715189,1.2821456883289948,1.5931420956414013,0.0053164547777615895,-1.5772827809971475,-0.002353251373471643,1.5711206258876174,-0.36132877103249383,-28.537629490500436,5.531131081195397,16.318621731977903,0.351098533041497,-0.4468009133841237,-0.07490083558549872
-0.003501630300153047,0.5545571110827093,0.32577948249505895,0.8018504380200855,0.38345350474393547,0.6204405279197575,-2.05555735056845,1.2821554179287336,1.5931343295362925,0.005313817190559307,-1.577235008667366,-0.002374824637332962,1.5711381137625444,-0.3396374156175416,-28.547893938118506,5.550400394320723,16.320240191523414,0.35049430574535284,-0.4483554878415385,-0.07492160846255955
-0.0034380243439023905,0.5545614024809254,0.3257718186561013,0.801813670592899,0.38345929239621934,0.6203511206926771,-2.055544772695971,1.2821669786249517,1.5931279269547747,0.005310958673077243,-1.5771165661466673,-0.0023652610292168585,1.5711483864968576,-0.31348433903705736,-28.56127514091372,5.569747475357074,16.322040540596873,0.3504415230259834,-0.45089555080916577,-0.07513724897256799
-0.003339740715858755,0.5545644795644497,0.325748907071668,0.8017414547901195,0.38348668337184927,0.6202324832847372,-2.0555377240097017,1.282178480287538,1.5931258613519765,0.005308581821605746,-1.5769330909203805,-0.0023266172028979515,1.5711529675496108,-0.2918498486767804,-28.575460604613134,5.598658747097401,16.323630300099076,0.34807290551634756,-0.4505529572063802,-0.07464263814308555
-0.003210246697175803,0.5545663231471467,0.325712157429399,0.8016369812110173,0.38353388686508655,0.6200876450588576,-2.05553577498174,1.2821901890500953,1.5931262319473232,0.0053062976898061295,-1.5766913655405737,-0.0022615816887117113,1.571151851015037,-0.2608687038237506,-28.59301067713099,5.619767080833846,16.32588290967815,0.3487729153587596,-0.4554176992502113,-0.07528925232209185
-0.0030529215330244164,0.5545670226770867,0.32566297069389544,0.8015051056026917,0.38359871101403525,0.6199180610951274,-2.0555383859527243,1.2822025629737506,1.5931286308413224,0.005304172802690489,-1.5763978635969245,-0.0021727594359242097,1.5711446190502643,-0.23323606772694452,-28.61137611182431,5.647758692478356,16.32765241174826,0.3471309914118421,-0.4554786023651179,-0.07483067010639373
-0.0028713333761094945,0.5545666779543734,0.32560270940562464,0.8013485216559225,0.3836792151294542,0.619727967564795,-2.055545211426695,1.2822150108845327,1.5931334692480421,0.005302220642623144,-1.576058829423263,-0.0020627189989301797,1.57113301488545,-0.20315441091999636,-28.63123983435162,5.6743040027107785,16.329633621550265,0.34654077324050203,-0.4589966440548907,-0.07524083443172787
-0.0026691166767315727,0.5545653186392545,0.32553293056645055,0.8011707690928869,0.38377327763302066,0.6195206149549627,-2.0555557903475545,1.2822275757103978,1.5931401459815737,0.005300445547185537,-1.57568140885479,-0.0019344528667764038,1.571116887816049,-0.1734082538094655,-28.6518799133999,5.702300261389341,16.33147149738013,0.3455179953338528,-0.4605738795881128,-0.07499990841094506
-0.0024498732777826215,0.5545630529128521,0.32545511018638995,0.8009751223544006,0.3838787951490753,0.6192996097129977,-2.05556967546004,1.2822400314064015,1.5931486965889579,0.00529886300054892,-1.575272080348438,-0.0017906622758292468,1.5710972325431325,-0.14329720379121985,-28.673147647084125,5.729894727638696,16.333304409984876,0.34461002745759906,-0.4632738557235652,-0.07524493373607592
-0.0022171822377027722,0.5545599514340367,0.32537077516926544,0.8007649697444581,0.38399364569111344,0.6190683064588177,-2.0555863876373013,1.2822522732982344,1.5931587800620757,0.005297471043541259,-1.574837686033668,-0.0016343222718007144,1.571074461150919,-0.1136819644177802,-28.694659204860656,5.757522155728113,16.33501652179765,0.3436863271913297,-0.4653481416984553,-0.07513100816084672
-0.001974532472824239,0.5545561209283246,0.3252814039875536,0.8005435847623309,0.38411574572843454,0.6188300458478163,-2.0556054537256263,1.2822641688032526,1.5931702549580702,0.005296278456664252,-1.5743846444357277,-0.0014681581391866594,1.5710492810268117,-0.08460654696019548,-28.716170075577878,5.784480855191347,16.33663723178698,0.342760153565406,-0.46772130193058237,-0.07528045178572265
-0.0017253052433567478,0.5545516570994974,0.3251884503703699,0.8003141881848022,0.3842430606864774,0.6185879854844183,-2.0556263973104425,1.2822756091419196,1.593182866411764,0.0052952802429411345,-1.5739193287316589,-0.0012949877871104576,1.5710222343607536,-0.056499361710588475,-28.737394949641576,5.810708234257525,16.338119585232903,0.34187579175565924,-0.4698454484088227,-0.07523553249342424
-0.0014726926345745711,0.5545466760450093,0.3250933017381905,0.8000812545815472,0.38437339691603845,0.6183434431383703,-2.0556486399016545,1.2822870484492894,1.5931955738428574,0.005294288839175571,-1.5734477436292578,-0.0011174178997039874,1.5709936406214762,-0.02832580889250591,-28.758418843473557,5.834464857380805,16.339493513557414,0.3413836576901418,-0.47245482627021523,-0.07544328641725132
-0.001219794856389081,0.5545412895101295,0.32499725576484356,0.7998455080733736,0.38450524168889766,0.618102013019173,-2.055671967486138,1.2822973824154285,1.5932099966709266,0.005293701511860939,-1.5729754671889085,-0.0009379064156269656,1.5709647085455616,-0.0054470505510163525,-28.777842065787844,5.861479732153558,16.3405269647497,0.33960668841926434,-0.47308582235328395,-0.07512155595219211
-0.0009695499395705742,0.5545355730644979,0.3249016204461569,0.7996098353799782,0.38463685712857265,0.6178661168378199,-2.055695891962655,1.282306802599854,1.5932248883896518,0.005293271299628514,-1.5725081580693923,-0.0007589433982833071,1.5709356769058758,0.020463173478840774,-28.797202041859908,5.881428682653505,16.341756538777272,0.33972788938639803,-0.4766495439058201,-0.07554928802271475
-0.000724549054488266,0.5545296574573049,0.3248075578368798,0.7993778410746071,0.384766468646201,0.6176369526063906,-2.0557199143824283,1.2823156228085084,1.5932398998111,0.0052930182487659055,-1.5720507611992607,-0.0005827456971285727,1.5709064569851405,0.04191989099092003,-28.815015521063106,5.903137468665827,16.342512494218163,0.3385387789188846,-0.47713867281767736,-0.07526136104269823
-0.00048721360260173263,0.5545236726876386,0.32471607082156034,0.7991515741323497,0.3848926450236408,0.617417108990083,-2.055743705034191,1.282323541213007,1.593255194286442,0.0052929343081958916,-1.5716075467455726,-0.00041121360286511255,1.570878182810691,0.06247491353730461,-28.831747686033985,5.921737759594896,16.343225111422626,0.3380474273313032,-0.4795091153858548,-0.0755256069368788
-0.0002597376304103449,0.5545176961577399,0.32462814972920334,0.7989333303244912,0.38501403082900304,0.6172083383683121,-2.0557669166699255,1.2823306402547034,1.5932703470872203,0.005293004088390514,-1.5711828298579733,-0.00024627805561938665,1.5708507917908134,0.08059188548267131,-28.847048377350863,5.939069047426361,16.343700611877747,0.3373735873127334,-0.48053945926784253,-0.07537067989668395
-4.404503221697165e-05,0.5545118407701578,0.3245446159192371,0.7987250052876149,0.38512945245844915,0.617012373507922,-2.0557892585190527,1.2823368486930056,1.5932853323333354,0.005293221213023345,-1.570780056498405,-8.944677063227324e-05,1.5708248465037387,0.09682594824698783,-28.860926136431708,5.954158057096201,16.344040356830096,0.33683457601560607,-0.4820734273123165,-0.0755219061080456
0.0001581855988081471,0.5545061842863371,0.32446620971017087,0.7985283357591723,0.3852378827894014,0.6168305854187839,-2.0558104655486686,1.2823421722669268,1.5932999163532329,0.005293568431363174,-1.5704024583637217,5.7810446532746695e-05,1.5708005086723904,0.11081752016362768,-28.87326519224762,5.967409903344741,16.344195254304296,0.33635143657180144,-0.483076645245874,-0.075441896134363
0.00034554141752449197,0.5545008127649413,0.3243935410783008,0.7983447808694147,0.38533846048723375,0.6166641457868074,-2.05583031712509,1.2823466042138014,1.5933140013230525,0.0052940366964630715,-1.570052617361105,0.00019437713677405988,1.5707780698180613,0.12270582727432384,-28.884045455243182,5.978563643336697,16.34420328382621,0.3359251087842652,-0.4841154960535377,-0.07552643733183707
0.0005168645614585521,0.5544957920390512,0.3243271143366072,0.7981755775667667,0.38543048092623633,0.6165139480095416,-2.0558486272824066,1.282350154680813,1.593327437369893,0.005294609099862905,-1.5697327323324468,0.00031924982710607175,1.5707576827739738,0.13241031193661876,-28.893232802037193,5.987749378044507,16.344057324146313,0.3355781876055807,-0.48487549444225675,-0.07548536484147907
0.0006712539730313327,0.5544911833503224,0.3242673174346703,0.7980217128479855,0.38551339784513095,0.6163806561890381,-2.0558652502082757,1.2823528420314667,1.5933401262473246,0.005295274426840273,-1.5694444664614076,0.00043171554071030904,1.5707394997567359,0.14000488043617756,-28.90083294036435,5.994922906670526,16.34377818640366,0.33528726029957723,-0.48553251902291217,-0.07553069765975326
0.0008080562566914612,0.55448703306649,0.3242144311362221,0.7978839431249294,0.3855868168069121,0.6162646906042573,-2.055880076102465,1.282354692463953,1.5933519652055095,0.005296016706727686,-1.5691890531081971,0.0005312123328251595,1.5707236048120437,0.14551537539969117,-28.906861177346986,6.000168763995646,16.343373989871743,0.33506978209224614,-0.4859928813927519,-0.07550827301638556
0.0009268586838073467,0.5544833782033577,0.324168630062652,0.7977627925791391,0.3856504902821175,0.6161662504027927,-2.055893031654005,1.2823557407150434,1.593362877986699,0.005296823617588334,-1.5689672563580845,0.0006174199062478625,1.5707100520093202,0.14902609386023452,-28.9113559374719,6.003531606468836,16.3428617313836,0.3349107434094045,-0.48631610825233373,-0.07553023842798647
0.001027477589446102,0.5544802430356917,0.3241299894194517,0.797658566069179,0.38570430963912905,0.6160853194212667,-2.055904077195251,1.2823560274775034,1.5933727978260797,0.005297680370085415,-1.5687794236184622,0.0006901777858268066,1.570698850035183,0.1506183545084106,-28.91436887107539,6.005106355629643,16.342255307896952,0.3348170665756857,-0.4864778785499903,-0.07551563049126764
0.0011099462528532944,0.5544776414200236,0.32409849035054067,0.7975713573500718,0.38574829678558853,0.6160216837658045,-2.0559132050719473,1.2823555998241354,1.593381676522698,0.005298574555908406,-1.5686254899725862,0.0007495260528840308,1.5706899748878724,0.15040122076829326,-28.91596748509384,6.004984560247362,16.341571290705623,0.3347797126408999,-0.48650358347190686,-0.07552332246129259
0.0011745004022539474,0.5544755760921704,0.32407402713586697,0.7975010625792256,0.3857825943291199,0.6159749452339235,-2.055920436814661,1.2823545093799547,1.5933894789088499,0.005299492774495046,-1.5685050161345175,0.0007956542784302023,1.5706833684816173,0.1484908848179295,-28.916230827600824,6.0032814552455935,16.340825530303817,0.33479956368917163,-0.48639196021207387,-0.07551115134050516
0.0012215627865814621,0.5544740401400922,0.3240564145096023,0.7974473933317208,0.3858074551671349,0.6159445388561255,-2.05592582054577,1.2823528120289969,1.5933961851575398,0.005300423324139571,-1.568417210778056,0.0008289147307483091,1.5706789447862497,0.14501890290098793,-28.915249004762195,6.000117104571994,16.34003435464666,0.3348701080716561,-0.48615880833998903,-0.07550991824031715
